scope,unit,target,mean_kg,p05_kg,median_kg,p95_kg
city,synthetic_city,total,1842168.20169801,1636949.80800085,1851139.12275716,2055513.74529072
city,synthetic_city,layer__structure,1271904.170221,1052176.92796,1286910.5002,1464797.953795
city,synthetic_city,layer__skin,447326.318452,442290.30874,447331.2828,452539.74572
city,synthetic_city,layer__space,122543.075110007,90245.8067536994,118183.614974155,161084.727404514
city,synthetic_city,layer__services,394.637915,359.9054,394.477,434.308125
city,synthetic_city,material__brick,390413.958198072,237568.439055702,387545.290579769,563342.593202353
city,synthetic_city,material__concrete,850417.4524,658212.1385,847876.15,1042178.09225
city,synthetic_city,material__stone,281549.799,67872.6,278014.8,509192.325
city,synthetic_city,material__timber,121408.18680287,103706.31387447,120721.860238281,139686.777890613
city,synthetic_city,material__metal,13091.6567455,10287.662455,13079.0215,15816.22195
city,synthetic_city,material__other,182377.613551565,154913.585647621,181011.004744147,206870.339510111
city,synthetic_city,material__glass,2909.535,2603.85,2905.5,3246.15
