building_id,area_id,age,footprint_m2,perimeter_m,storeys,height_m,roof_area_m2,wall_material,roof_material,roof_shape,width_m,depth_m
synthetic_001,synthetic_area_A,<1920,45,27,1,2.7,53.1,Brick Or Block Or Stone,Tile Or Stone Or Slate,pitched,6,7.5
synthetic_002,synthetic_area_A,1960-1980,54.53,29.7,2,5.4,64.3454,Brick Or Block Or Stone,Tile Or Stone Or Slate,pitched,6.65,8.2
synthetic_003,synthetic_area_A,2002-2006,64.97,32.4,2,5.4,76.6646,Brick Or Block Or Stone,Tile Or Stone Or Slate,pitched,7.3,8.9
synthetic_004,synthetic_area_A,<1920,76.32,35.1,3,8.1,76.32,Concrete,Waterproof Membrane Or Concrete,flat,7.95,9.6
synthetic_005,synthetic_area_A,1960-1980,64.5,32.2,1,2.7,76.11,Concrete,Tile Or Stone Or Slate,pitched,8.6,7.5
synthetic_006,synthetic_area_A,2002-2006,49.2,28.4,2,5.4,58.056,Concrete,Tile Or Stone Or Slate,pitched,6,8.2
synthetic_007,synthetic_area_A,<1920,59.185,31.1,2,5.4,69.8383,Timber Or Wood,Tile Or Stone Or Slate,pitched,6.65,8.9
synthetic_008,synthetic_area_A,1960-1980,70.08,33.8,3,8.1,70.08,Timber Or Wood,Waterproof Membrane Or Concrete,flat,7.3,9.6
synthetic_009,synthetic_area_A,2002-2006,59.625,30.9,1,2.7,70.3575,Timber Or Wood,Tile Or Stone Or Slate,pitched,7.95,7.5
synthetic_010,synthetic_area_A,<1920,70.52,33.6,2,5.4,83.2136,Brick Or Block Or Stone,Tile Or Stone Or Slate,pitched,8.6,8.2
synthetic_011,synthetic_area_A,1960-1980,53.4,29.8,2,5.4,63.012,Brick Or Block Or Stone,Tile Or Stone Or Slate,pitched,6,8.9
synthetic_012,synthetic_area_A,2002-2006,63.84,32.5,3,8.1,63.84,Brick Or Block Or Stone,Waterproof Membrane Or Concrete,flat,6.65,9.6
synthetic_013,synthetic_area_B,<1920,54.75,29.6,1,2.7,64.605,Concrete,Tile Or Stone Or Slate,pitched,7.3,7.5
synthetic_014,synthetic_area_B,1960-1980,65.19,32.3,2,5.4,76.9242,Concrete,Tile Or Stone Or Slate,pitched,7.95,8.2
synthetic_015,synthetic_area_B,2002-2006,76.54,35,2,5.4,90.3172,Concrete,Tile Or Stone Or Slate,pitched,8.6,8.9
synthetic_016,synthetic_area_B,<1920,57.6,31.2,3,8.1,57.6,Timber Or Wood,Waterproof Membrane Or Concrete,flat,6,9.6
synthetic_017,synthetic_area_B,1960-1980,49.875,28.3,1,2.7,58.8525,Timber Or Wood,Tile Or Stone Or Slate,pitched,6.65,7.5
synthetic_018,synthetic_area_B,2002-2006,59.86,31,2,5.4,70.6348,Timber Or Wood,Tile Or Stone Or Slate,pitched,7.3,8.2
synthetic_019,synthetic_area_B,<1920,70.755,33.7,2,5.4,83.4909,Brick Or Block Or Stone,Tile Or Stone Or Slate,pitched,7.95,8.9
synthetic_020,synthetic_area_B,1960-1980,82.56,36.4,3,8.1,82.56,Brick Or Block Or Stone,Waterproof Membrane Or Concrete,flat,8.6,9.6
synthetic_021,synthetic_area_B,2002-2006,45,27,1,2.7,53.1,Brick Or Block Or Stone,Tile Or Stone Or Slate,pitched,6,7.5
synthetic_022,synthetic_area_B,<1920,54.53,29.7,2,5.4,64.3454,Concrete,Tile Or Stone Or Slate,pitched,6.65,8.2
synthetic_023,synthetic_area_B,1960-1980,64.97,32.4,2,5.4,76.6646,Concrete,Tile Or Stone Or Slate,pitched,7.3,8.9
synthetic_024,synthetic_area_B,2002-2006,76.32,35.1,3,8.1,76.32,Concrete,Waterproof Membrane Or Concrete,flat,7.95,9.6
