T,P,F,R,W,D,L
116.9514709,30.85766462,2,8,8,4,19.0815901
129.6800531,32.5162891,2,7,8,3,32.38898859
156.3944767,29.437452,3,7,16,5,31.79593482
57.25915026,30.29728418,1,5,6,7,19.73501055
166.4888643,36.73332849,2,8,10,8,34.39085894
282.0615586,38.96562731,3,16,15,14,112.9600342
160.7859252,36.35405576,2,10,7,3,31.30364211
137.6897717,33.36503222,2,5,8,10,30.77828402
67.24745938,33.75285807,1,6,13,4,17.60882463
65.69143973,33.66323206,1,1,1,6,15.32920052
149.6278509,34.69699765,2,5,5,4,14.79169029
67.88514167,23.43773875,2,9,6,2,19.83641077
73.55471839,36.13421848,1,4,3,3,20.04208635
182.0434968,38.18640695,2,10,17,16,77.61301134
129.5959153,34.67896841,2,4,5,7,24.32612164
194.4199378,32.83880836,3,9,16,12,47.49693795
98.19298527,29.47079374,2,9,7,7,33.79070835
91.30410122,38.22830057,1,2,3,5,26.00930714
192.1048205,39.91667945,2,5,10,3,28.5274529
92.12147684,27.31301575,2,6,10,4,24.78635281
179.7213268,37.92655792,2,8,6,7,57.65651666
121.5035788,25.49533053,3,7,11,5,37.55372628
154.0168197,35.71803805,2,6,7,6,42.51731621
70.35809571,33.55584602,1,8,8,1,17.85541189
139.4667824,34.2407692,2,5,9,5,25.36026212
209.1990187,41.10120197,2,7,10,5,56.01068379
107.398243,31.4714742,2,6,8,4,22.88296243
83.04712866,36.46697213,1,7,7,3,18.35410081
96.68733948,28.34545753,2,5,6,4,27.21230668
172.6734428,30.59558364,3,5,10,14,47.12128051
64.17652133,22.709626,2,5,8,2,14.20039843
166.5555978,29.91869056,3,10,11,5,30.82189091
157.4467685,35.57733243,2,8,6,4,29.57120075
135.1689769,27.554529,3,10,5,8,28.01270476
45.53012975,26.99330654,1,7,5,5,21.16868
190.7603724,39.71248055,2,14,14,9,67.42867187
65.92022003,33.65772757,1,3,2,4,16.53300387
143.6223071,34.11845024,2,4,6,6,19.75757022
304.1917809,40.34403547,3,13,27,19,112.5708203
152.8899835,28.73598091,3,6,7,5,23.25287966
134.3520012,34.39408825,2,5,6,6,17.09596018
83.79092317,37.1031428,1,4,6,4,18.09393477
72.87875058,35.10394072,1,5,5,5,14.61175331
170.8687682,37.83043947,2,5,9,8,31.29885815
89.0827183,38.60567442,1,7,6,8,28.65809037
64.01575151,32.05120564,1,5,5,2,13.76491595
85.15545447,37.55583754,1,4,6,2,14.32717364
126.1912712,31.85189029,2,1,5,2,18.74157981
56.78344045,31.60946291,1,3,3,4,13.41954387
112.2040385,30.32259281,2,4,4,4,21.9421117
155.9421747,36.83487229,2,7,9,7,21.50839042
100.6922738,29.62103431,2,4,7,9,23.0913089
93.80237591,27.81001728,2,6,7,5,18.15841075
167.2669424,29.8690127,3,3,7,6,43.57573446
195.1293005,39.91819646,2,10,14,5,44.33002358
90.99899039,27.01823647,2,6,6,5,32.06407027
157.5666636,36.16818218,2,8,6,7,37.65727199
102.2217595,28.60154765,2,2,6,2,15.17470674
78.08978454,25.01426974,2,4,5,6,23.92037534
84.60792376,26.44257416,2,2,6,4,16.16401316
120.4954216,31.14938923,2,7,4,5,23.75642967
113.7751918,30.52392558,2,5,4,3,21.21386478
116.7961448,30.8172612,2,3,5,6,27.68672148
225.8365355,42.78871569,2,10,17,6,43.55505882
59.68690413,32.37784982,1,4,6,3,9.088756625
87.81544755,37.49000179,1,6,9,6,28.21485721
159.2370811,35.83504265,2,3,9,4,27.54316152
88.44326659,27.50773885,2,3,6,3,13.67017977
199.7205916,39.98527764,2,15,14,12,59.42486907
143.3073964,34.21204303,2,7,11,4,32.4683792
177.3542299,31.03458276,3,9,8,5,26.26750256
136.8866775,33.25570793,2,9,12,5,21.58740812
176.2072372,33.4559403,3,11,10,11,42.58156054
61.27404438,33.97610657,1,0,5,3,15.01495866
99.37457677,28.19788077,2,5,8,3,14.01429974
184.0352929,32.47982974,3,8,12,3,41.27144074
99.66021074,28.30835839,2,6,8,2,15.79031127
89.08244675,27.75505732,2,4,4,4,12.30967931
99.51798977,40.02694126,1,8,8,1,22.04228599
63.88049101,22.72089863,2,3,6,7,20.48110597
161.7237651,30.34126307,3,12,7,7,36.2798
122.443739,31.38099657,2,5,10,6,20.59447998
137.7571344,33.26211813,2,10,5,11,42.1033799
166.5298835,37.43958369,2,7,8,7,33.68350218
91.18219639,38.21335265,1,4,6,5,13.90182211
60.84609725,32.98078129,1,1,6,5,27.28605096
155.5721604,36.12417633,2,6,8,2,19.38107962
51.92253722,29.20965794,1,5,5,6,17.38929685
121.7725459,31.35448265,2,6,10,3,28.1925468
97.22898335,39.55425181,1,15,10,8,31.37619679
133.6582666,33.01551909,2,5,8,5,28.99277444
41.01366429,25.83667644,1,1,8,5,13.62533119
214.5155425,41.47031808,2,8,11,5,45.06397047
106.1121365,41.66181832,1,7,6,3,16.15063341
163.0486224,36.17022223,2,8,9,5,28.84918377
99.88469561,28.28429666,2,8,2,3,20.55566769
158.2996758,36.70306259,2,13,8,11,40.30651295
74.3933417,34.61279441,1,5,10,4,22.94748313
59.40637101,30.91453004,1,5,3,4,16.03817796
66.85936329,33.260264,1,5,7,6,19.89728293
101.6147498,28.83765062,2,2,7,5,21.60439861
249.0711068,36.47293575,3,7,10,7,36.01264913
141.3427367,34.45974429,2,8,9,11,30.1433785
204.6872815,40.50443857,2,10,8,8,41.4907102
295.787156,40.03337815,3,11,16,9,63.92567863
44.16922869,26.96413241,1,4,1,2,14.66754171
57.67105721,30.48589364,1,6,3,6,23.27050637
166.1752086,36.7997948,2,9,5,6,33.72366057
145.2360047,35.82835226,2,3,5,5,23.20118928
134.9614914,34.96767769,2,7,6,6,26.22757465
39.23199865,25.05952467,1,4,10,3,16.45795818
119.5467572,43.91460568,1,7,14,5,29.30925659
169.0446752,37.25378039,2,9,11,5,45.98949423
233.955002,35.32581556,3,15,16,11,54.47022147
176.7870813,38.46932119,2,9,8,5,28.16826157
207.2250195,41.03740208,2,11,14,7,39.47868815
77.90516466,24.96934583,2,3,5,5,21.27896131
191.7526321,32.32919214,3,11,9,18,56.59170014
144.3954412,27.80827589,3,3,5,4,29.36087185
197.8041134,39.81304855,2,10,9,8,48.23739185
50.44403254,28.45524948,1,6,9,6,27.92507666
75.81447113,24.74813128,2,6,6,5,14.75054993
70.96629887,34.16280686,1,11,5,6,20.77910445
135.1914607,33.98679735,2,8,6,9,40.26449553
152.9644042,34.99049976,2,10,7,8,39.37441963
91.95744302,27.13302069,2,9,8,5,34.53088458
233.6457378,35.97694796,3,5,7,10,28.04707477
45.7402255,27.21125628,1,3,3,2,11.5627088
65.29780992,34.7322585,1,7,6,8,19.0579938
129.2118018,26.52387903,3,14,13,10,36.70052371
204.1394832,40.41535132,2,12,9,8,60.28370847
123.8515039,31.47725346,2,7,6,3,23.51796509
224.179505,35.91399347,3,10,11,3,55.28609766
193.7599083,39.37410073,2,6,6,13,43.78637858
110.6473348,30.39844368,2,7,3,3,21.01278058
206.1161285,40.61662682,2,6,9,5,25.18317586
85.02293138,37.97189604,1,4,7,7,24.35069603
147.2582128,34.72939173,2,10,7,4,28.06507057
165.2816287,31.4260662,3,7,9,9,43.46903343
204.1881891,40.48622191,2,6,12,13,44.84534489
87.88129031,27.14548556,2,6,6,7,23.02352665
196.5565263,39.81321995,2,5,6,1,26.49889904
129.9858111,33.03144551,2,7,4,3,22.94387654
66.60597236,34.3567865,1,3,6,1,16.24149747
96.47608138,28.06067766,2,3,7,9,18.79714221
141.0027161,35.07834585,2,6,7,4,19.58419063
67.42332775,32.92683407,1,6,4,6,30.15357595
85.57447434,37.63426115,1,8,13,6,18.46136849
62.50329261,31.8742168,1,4,3,2,13.56863916
88.85782451,27.30515986,2,3,5,5,22.61101291
42.00203712,26.55874844,1,4,4,2,9.013369749
121.0310574,31.41191307,2,2,1,6,22.78164495
52.50740091,29.03462689,1,7,1,8,28.64575057
75.31678866,34.89579592,1,3,12,7,21.9268494
167.6543151,29.90885181,3,6,10,4,40.47242875
108.1875451,29.60961819,2,5,5,4,22.31227041
174.1364712,38.1046058,2,5,6,6,43.60359111
134.9989416,32.86741242,2,11,9,4,31.24800937
184.8231445,31.50806639,3,7,11,2,28.53150497
131.8751568,32.48529678,2,5,4,4,21.42970654
102.0696611,28.92982823,2,6,8,10,24.15229059
203.6968537,33.08638561,3,11,18,10,67.74569792
238.0927539,35.83258617,3,7,4,5,37.97571107
186.7016128,38.66367886,2,6,9,3,32.84216037
127.5727397,31.98670058,2,2,8,3,21.96877885
66.96782645,23.24906349,2,8,3,6,20.09731115
154.0140053,35.13312957,2,8,6,12,42.28424468
74.82942721,34.75641737,1,4,4,1,17.13992348
93.61881863,28.49713737,2,3,6,5,25.7993262
104.8973061,41.03465323,1,7,14,5,21.75681119
112.5396997,30.01759827,2,3,3,3,13.53761544
206.1424764,40.8296008,2,6,6,9,26.47775806
163.1403245,36.21225191,2,4,8,5,35.97909351
115.8631917,30.99947023,2,4,9,6,20.68906288
231.9285287,35.17475191,3,12,14,15,90.131856
245.628368,36.86740817,3,9,9,8,40.72827343
64.96253707,32.9000277,1,4,6,3,14.0715595
109.915413,29.94359644,2,3,5,5,15.65467868
149.587354,35.18785307,2,2,5,2,19.30279023
59.90087111,30.99699382,1,3,3,1,13.23558723
102.092879,28.86783005,2,7,5,5,15.69383318
111.4302536,29.98428174,2,7,6,5,20.81056637
44.17403016,26.68049027,1,1,3,3,10.4881477
194.449244,32.39082682,3,5,8,3,33.47813847
106.1523048,29.61090233,2,1,6,5,17.22375817
184.9180788,38.46267149,2,9,9,11,46.90805184
39.18554069,25.03969351,1,7,6,5,12.74930639
97.88068676,28.03974374,2,3,8,9,18.27277669
141.7003304,34.13322739,2,4,6,3,24.56416781
217.0945656,42.02117834,2,7,11,4,26.28485331
104.2734098,41.24933576,1,6,12,3,24.42742571
203.3307819,40.51407358,2,7,11,7,38.71459049
41.57356993,26.55022992,1,6,12,2,19.08621509
96.63220231,27.81493684,2,1,10,1,16.00481644
63.48619495,31.8789085,1,5,8,5,16.36463612
67.34017792,34.26236901,1,3,8,1,20.85285926
225.1064228,36.01953825,3,10,11,2,37.6444506
164.9077815,36.39076634,2,10,10,12,47.55205956
87.19279116,37.66600632,1,5,5,2,18.16980183
101.8875502,28.55475649,2,1,3,3,14.17687668
79.62676167,25.87525641,2,4,4,2,15.52495757
66.41794483,32.62951127,1,3,4,5,12.8934722
148.4593689,35.97961476,2,9,6,6,23.74187229
199.9446526,32.84884817,3,11,10,10,61.32206416
94.04997652,27.59167212,2,3,3,4,13.93875904
250.0510335,37.15271325,3,10,5,6,52.95635547
199.5503351,40.41808692,2,7,9,6,38.84037333
149.7244837,36.36337912,2,7,12,10,30.3088016
173.6138989,37.49569946,2,9,7,5,27.48092488
90.31219762,38.27642124,1,7,8,3,23.71611344
134.3522681,33.14834947,2,5,6,8,27.38662058
133.6978804,26.70327699,3,4,9,6,22.59805433
33.9461751,23.31712743,1,5,5,4,15.14043624
170.916817,37.95474216,2,15,8,8,59.55176366
57.44724596,30.52226497,1,6,11,5,19.36511719
110.6599266,30.31270646,2,5,2,4,19.31542748
106.8272474,41.73014838,1,9,4,4,21.18277363
200.2031375,32.76077516,3,8,11,10,63.17093021
65.49863627,32.88635855,1,6,2,5,17.18684797
77.60776825,25.12250009,2,3,2,3,12.94807744
216.6072138,41.79414572,2,10,14,11,34.9736341
122.3932663,31.42066701,2,9,9,9,22.09097804
149.1318064,34.60203003,2,5,3,7,24.14856511
177.3477609,37.93023882,2,8,5,5,42.44080161
149.9356933,28.66081025,3,4,2,6,18.55868442
132.9906496,34.92844694,2,4,6,8,21.23723616
64.86380545,32.88715138,1,3,8,4,20.17338416
99.59622044,28.86953308,2,6,3,5,29.29694869
67.55948005,33.38824565,1,3,3,2,13.45048516
126.5037958,26.21313834,3,4,7,5,14.45801894
255.6512333,37.32013362,3,12,28,17,87.03419552
35.11144101,23.71525146,1,5,4,5,14.62857824
134.7378658,33.39460078,2,7,9,7,37.86579679
139.7958453,33.47119664,2,8,8,6,34.480461
148.0895601,28.78472398,3,4,7,2,18.05254751
98.69090729,29.46912427,2,5,11,5,16.52385708
125.0844332,31.63496547,2,5,8,5,23.92145599
142.0655546,34.04552393,2,4,9,9,36.24736085
104.7443905,29.21891278,2,5,3,3,17.95035504
51.78576373,29.62046267,1,2,4,3,20.12826539
149.4817366,34.73457313,2,5,8,3,15.87788101
61.10576639,31.70605271,1,1,4,2,12.25427788
197.5216528,40.30288158,2,7,14,1,21.85630257
101.0232165,28.59858818,2,2,4,2,16.38756018
115.9843457,30.46595155,2,3,8,3,21.53869051
157.4840966,36.35099906,2,11,6,7,32.17677858
141.2355999,33.63143727,2,11,11,7,38.47435406
123.7669247,31.48658384,2,9,6,9,23.02507273
120.8959473,31.56973721,2,6,7,10,32.95698511
181.743123,38.30981515,2,5,7,3,23.55629124
99.27933074,28.18546082,2,11,5,13,56.82797839
182.5897406,31.97318602,3,11,16,14,45.86038262
211.6943138,41.41536343,2,8,13,4,28.06915835
234.8726555,35.42339844,3,6,7,6,32.04012725
80.38634771,35.91974654,1,4,8,4,18.8879605
167.7349414,37.81318736,2,5,7,5,21.64968532
129.4014696,33.77176465,2,7,6,4,21.37664217
181.0796872,31.09516593,3,6,13,3,40.64360452
122.8256073,32.75776422,2,6,8,1,19.28861133
112.4250315,30.32453692,2,5,5,5,21.428972
260.8898425,37.35875163,3,7,21,5,45.79888285
75.76918594,35.38178791,1,3,7,1,12.42279619
252.932108,36.72910546,3,12,14,13,67.3892368
111.4259017,30.92225234,2,7,6,3,34.84034995
215.7580384,41.64611192,2,6,12,8,54.10638978
58.92302726,30.72310282,1,11,6,5,17.26493568
148.8021673,35.37810259,2,5,8,8,26.70455364
120.7828491,31.13576582,2,3,6,3,15.63775184
151.0467685,35.71066083,2,10,10,3,21.2479781
160.931689,35.92814157,2,9,14,7,30.43809786
195.1404743,32.40185186,3,6,11,12,43.51535856
67.3498468,33.06510634,1,6,3,5,21.0610988
79.39990901,35.8706813,1,4,2,4,13.71617943
188.7889012,39.32012745,2,9,12,6,38.21461994
102.3687697,28.75207766,2,6,11,5,22.46230429
82.63238126,36.52503209,1,7,10,3,15.09600818
121.6079994,31.78294984,2,2,11,4,16.31087037
71.10596147,33.76880831,1,2,8,3,16.02500664
65.61592284,34.74433631,1,3,4,6,18.84508596
146.1368672,34.28516589,2,11,7,12,40.36633349
206.633336,40.68698374,2,9,11,7,42.31427787
184.6314016,31.38210297,3,9,8,5,37.82652354
101.336048,28.54836673,2,5,4,1,20.16127352
72.61274503,34.11406442,1,9,7,6,17.42928643
104.6712587,29.36571471,2,8,6,5,23.67450227
91.78476365,27.11134362,2,3,9,2,18.68635624
35.64434205,24.16523572,1,2,4,3,11.8686393
147.7777109,34.47346981,2,4,3,7,17.49848699
126.6291045,32.99982594,2,2,13,5,18.77799094
36.92607908,24.51574073,1,2,2,2,13.42294624
275.9647138,38.59174411,3,4,9,9,71.2677473
206.4307663,35.18267325,3,5,13,3,22.6382437
206.9324518,40.72568136,2,12,13,16,85.06168743
65.78443891,22.99160937,2,5,4,0,14.20168887
124.4236084,33.15563913,2,5,8,6,19.5123879
95.37939366,28.77884877,2,1,6,5,24.98869538
95.74768439,29.12871528,2,4,5,6,23.59890325
107.946873,29.38732578,2,8,7,1,34.85313579
149.5988459,34.60490727,2,5,10,4,27.81294874
88.61539626,37.80170869,1,7,7,4,18.86894223
